,Tweet,classe
0,EU TINHA FALADO QUARTO PERD√ÉO!!!,perd√£o
1,"RT @UrbanNathalia: A advogada de Julian Assange, Jennifer Robinson, disse hoje no tribunal em Londres, que os representantes de Trump ofere‚Ä¶",perd√£o
2,"RT @peachiuy: QUEM √â O T3ddy

para o cego, √© a luz
para o faminto, √© o p√£o
para o enfermo, √© a cura
para o triste, √© alegria
para o pobre,‚Ä¶",perd√£o
3,@haileychanges amg KKKKK perdao,perd√£o
4,"RT @peachiuy: QUEM √â O T3ddy

para o cego, √© a luz
para o faminto, √© o p√£o
para o enfermo, √© a cura
para o triste, √© alegria
para o pobre,‚Ä¶",perd√£o
5,"RT @tommoinfo: De acordo com a prefer√™ncia de voc√™s, n√≥s estaremos adiando o sorteio de Ingresso PC do show de S√£o Paulo para o dia 30/09.‚Ä¶",perd√£o
6,"RT @nudezzin: AAAAAAAAA √â MIO ANIVERS√ÅRIO &lt;333333

JEKSJDJSKEJJDJSJEJüòîü§≤‚ù§‚ù§‚ù§‚ù§‚ù§‚ù§‚ù§‚ù§‚ù§‚ù§‚ù§‚ù§‚ù§‚ú®‚ú®

muito obrigade pelo apoio de todos e perd√£o pelo de‚Ä¶",perd√£o
7,@wanggggx Perd√£o...,perd√£o
8,"Continua√ß√£o!
Kkkkkkk eu mere√ßo. 

O seu perd√£o, foi o block que te dei. https://t.co/XUQKW0fOog https://t.co/01bUcfWW08",perd√£o
9,"@hiraethprepon N√£o tem problema, eu que pe√ßo perd√£o e agrade√ßo por me alertar, muito obrigada kkkk",perd√£o
10,"quer sair blz, mas achar isso bonito e achar q ta certa kkkkk pelo amor de geov√° neh fia, encontrou a vergonha e en‚Ä¶ https://t.co/4qnxfMfmKC",amor
11,"Em terra de m√∫sicas que s√£o cantadas por mulheres, que fazem sucesso absoluto com letras reprodutoras de machismo,‚Ä¶ https://t.co/Wlk8VAlUwP",amor
12,odeio essa garota mas superem ela pelo amor nem eu aguento mais um exposed a cada dois meses,amor
13,RT @gabrielraposo_1: E a minha namorada que decidiu me dar uma alian√ßa no dia que a gnt estava saindo pra jantar pois eu iria dar uma alian‚Ä¶,amor
14,@xzduda sim amor!!!,amor
15,"√â magia te encontrar
Em plena noite de encantos
Pois a noite √© sempre amiga do amor",amor
16,Mano dor infernal nas costa pelo amor de deus desculpa ter te xingado togashi,amor
17,"RT @jornalodia: De acordo com portais de not√≠cias gospel, o pastor √© Edson Ara√∫jo, da igreja Deus √© Amor, de S√£o Paulo.
#ODia 

https://t.c‚Ä¶",amor
18,RT @jilmartatto: Hoje √© o Dia Nacional do Teatro. Fa√ßamos deste 19 de setembro um ato de amor e resist√™ncia por essa que √© uma das mais ant‚Ä¶,amor
19,"RT @revistaforum: Pastor, identificado como Edson Ara√∫jo, da Igreja Deus √© Amor, de S√£o Paulo, agride uma mulher sem saber que a c√¢mera est‚Ä¶",amor
20,@conanruel PARECE Q TO DERRETENDO √ìDIO,√≥dio
21,At√© quando voc√™s v√£o sexualizar eles por qualquer coisa? Que √≥dio https://t.co/xubwlur4AJ,√≥dio
22,"RT @flaamor1981: O BRAZ DISSE QUE OS JOGADORES SE EMPENHARAM EM CAMPO NA PARTIDA CONTRA O DEL VALLE, CARALHO VAI TOMAR NO CU, PARA DE PASSA‚Ä¶",√≥dio
23,"Que √≥dio da vidotti , muito gata credo vey https://t.co/wsFoKVwUdQ",√≥dio
24,q √≥dio no final eu sempre vou me sentir culpada,√≥dio
25,quer me matar √© ganhar culpa do que eu n√£o fiz!!!! Que √≥dio,√≥dio
26,"RT @yasminpxj: sou mt ciumenta pprt, q √≥dio",√≥dio
27,@fonsecguilherme @rubala3 @grrrreo @FunkyBlackCat Carai c√™ pegou um √≥dio profundo memo,√≥dio
28,@fig4yredo @poxamarquinhos kkkkkkkkkkkk que odio,√≥dio
29,@slyjubspottah PARA VEI ODIO. AKKAKAKAKAK BLOCK,√≥dio
30,RT @AndhreGhuterres: Estourou a revolta! https://t.co/Vpa8jCUlQO,revolta
31,"Saiu com v√°rias erros de portugu√™s pontua√ß√£o, mas representa minha revolta escrevendo isso.",revolta
32,"RT @CormacWalter: Pow, eu entendo a revolta de algumas meninas por acharem que s√≥ existe macho escroto nessa cidade ( a maioria pode at√© se‚Ä¶",revolta
33,"RT @fj82guimaraes: S√≥ n√£o v√™ quem n√£o quer e quem prefere a critica mais f√°cil e √≥bvia.

Zico: ""O nosso time (na d√©cada de 80) ganhou tudo‚Ä¶",revolta
34,"RT @FlaResenhaNews: Zico se revolta com goleada sofrida pelo Flamengo: ""O nosso time (na d√©cada de 80) ganhou tudo e tivemos cinco treinado‚Ä¶",revolta
35,"Falei com uma terceira pessoa, s√≥ essa semana, que me diz que est√° fazendo terapia. 
E o motivo √© o mesmo: n√£o √© a‚Ä¶ https://t.co/gCzVUGuvf8",revolta
36,"RT @aanalutp: @RickazevedoB √© doido pq eu sendo branca me sinto estranha em lugares assim. isso pq quanto mais a gnt se informa, a gnt estu‚Ä¶",revolta
37,@milicianacx @paboolom Os brancos est√£o nessa revolta toda e dando chilique em apenas um dia imagine o negro que so‚Ä¶ https://t.co/jifKQYO45H,revolta
38,"RT @MCTCOSTA_: Galera esse √© meu irm√£o, amigo, DJ e Mc Neguito. Foi humilhado por ser trabalhador fiquei muito triste com essa situa√ß√£o, el‚Ä¶",revolta
39,"RT @FlaResenhaNews: Zico se revolta com goleada sofrida pelo Flamengo: ""O nosso time (na d√©cada de 80) ganhou tudo e tivemos cinco treinado‚Ä¶",revolta
40,"@neryagrarias Dif√≠cil encontrar algu√©m que NUNCA tenha magoado outra pessoa, somos humanos, no decorrer da viinevit‚Ä¶ https://t.co/wSa43qYk7c",perd√£o
41,"RT @gcfmalfoy: 157- segundo print: esse TIPO de conte√∫do* erros, perd√£o. de qualquer forma n√£o deve ser incentivado o ato de mandar nudes p‚Ä¶",perd√£o
42,@minenenona perd√£o n√£o √© meme,perd√£o
43,"esses meses pra c√° n√£o fui t√£o ativo tanto aqui como em rede sociais e etc... a coisa n√£o andam mt bem
tanto na fam‚Ä¶ https://t.co/UTpSIHSAa5",perd√£o
44,@lthingspayno @Louis_Tomlinson Perd√£o üòî,perd√£o
45,RT @VazHenriqueVaz1: O que foi feito ao NANI. Demiral e Matheus Pereira nunca ter√£o o meu perd√£o,perd√£o
46,"RT @peachiuy: QUEM √â O T3ddy

para o cego, √© a luz
para o faminto, √© o p√£o
para o enfermo, √© a cura
para o triste, √© alegria
para o pobre,‚Ä¶",perd√£o
47,"RT @peachiuy: QUEM √â O T3ddy

para o cego, √© a luz
para o faminto, √© o p√£o
para o enfermo, √© a cura
para o triste, √© alegria
para o pobre,‚Ä¶",perd√£o
48,@Fontoura006 @victorsants_10 uuuui perd√£o KAKAKKAKSKSKSKDMD pode deixar,perd√£o
49,EU TINHA FALADO QUARTO PERD√ÉO!!!,perd√£o
50,"@kill4rod Nem deus pode te julgar, meu amor. Kkkkkkk",amor
51,MEU AMOR VC N BJ VC D√Å AULA,amor
52,RT @RicFazeres: Obrigado a todos pelo apoio e carinho.Voc√™s t√™m sido o ombro amigo com tanta mensagem e preocupa√ß√£o üòîüôè Processo:continuo a‚Ä¶,amor
53,"RT @thisbursin: Serkan Bolat conseguiu abrir seus sentimentos, conseguiu demonstrar suas emo√ß√µes e passar por cima de todos os muros que el‚Ä¶",amor
54,@flaesports Oque t√° dando nesses cara??Pelo amor de Deusss,amor
55,RT @gabrielraposo_1: E a minha namorada que decidiu me dar uma alian√ßa no dia que a gnt estava saindo pra jantar pois eu iria dar uma alian‚Ä¶,amor
56,"RT @Ficantesfalandu: Me estressa, me irrita mas √© amor da minha vida todinha üò§‚ù§Ô∏èüôÑüë©‚Äç‚ù§Ô∏è‚Äçüíã‚Äçüë®",amor
57,RT @vxrxvs: vem no amor porque no golpe eu caio,amor
58,@Guiizaum__ joga cmg amor,amor
59,RT @felipezando: pelo amor de deus algu√©m chama o conselho tutelar https://t.co/OVAUoU7Ful,amor
60,pq eu fui nascer com pelo?? aaaaaa que √≥dio https://t.co/3khGBkhiPK,√≥dio
61,@dravizim Hoje eu to inteira e mais um pouco trabalhada no √≥dio! Vicent√£o meu esp√≠rito animal hahahaha,√≥dio
62,"RT @josiaspereira: ""Tenho o √≥dio do apartheid em meus ossos; e, acima de tudo, detesto a segrega√ß√£o ou separa√ß√£o da L√≠ngua e da Literatura.‚Ä¶",√≥dio
63,"RT @bxrcwlona: PUTA QUE PARIU EU N AGUENTO MAIS SERGI ROBERTO E SEMEDO
al√©m de n√£o defenderem bem e deixarem espa√ßo pra cacete vira e mexe‚Ä¶",√≥dio
64,@howbiah Mas que √≥dio que essa bio n√£o t√° centralizadaüò≠üò≠üò≠üò≠üò≠üò≠üò≠üò≠üò≠üò≠,√≥dio
65,QUE √ìDIO PORRA N√ÉO SE MEXE COM A YERI PELA CRIAN√áA DOU MINHA VIDA https://t.co/j31XB1pCos,√≥dio
66,"RT @mwndstef: EU
N√ÉO
QUERO
SEGUIDOR
EU QUERO &gt;AMIGO&lt;, &gt;INTERA√á√ÉO&lt; QUE √ìDIO EU SO QUERO TER ALGM PRA CONVERSAR",√≥dio
67,@larriegrazer QUE √ìDIO V√âI,√≥dio
68,que odio fui desconectada do among justo agr que so impostora üò≠,√≥dio
69,RT @_majurgs: se tem um bagulho que me deixa BOLADA e algu√©m desmerecer o trampo dos outros! Bando de gente que nem trabalha fica falando q‚Ä¶,√≥dio
70,cara mikael se revolta e posta logo text√£o no tt KKKKKKKK,revolta
71,"RT @FlaResenhaNews: Zico se revolta com goleada sofrida pelo Flamengo: ""O nosso time (na d√©cada de 80) ganhou tudo e tivemos cinco treinado‚Ä¶",revolta
72,"RT @MCTCOSTA_: Galera esse √© meu irm√£o, amigo, DJ e Mc Neguito. Foi humilhado por ser trabalhador fiquei muito triste com essa situa√ß√£o, el‚Ä¶",revolta
73,RT @iparisday: as pessoas descobrindo a revolta de cum√£ ficam tipo üòÆüòÆüòÆ nossa como assim os ind√≠genas lutaram contra a escravid√£o üò±üò±ü§Ø,revolta
74,"Parece cena de filme p√≥s apocaliptico, mas √© desolador saber que √© real e a poucos quil√¥metros daqui... tristeza, √≥‚Ä¶ https://t.co/3feZjodv7o",revolta
75,"RT @FlaResenhaNews: Zico se revolta com goleada sofrida pelo Flamengo: ""O nosso time (na d√©cada de 80) ganhou tudo e tivemos cinco treinado‚Ä¶",revolta
76,"@sara__neves Infelizmente serei um deles, mas (tamb√©m) por deforma√ß√£o profissional... s√≥ leio em ingl√™s e trabalho‚Ä¶ https://t.co/Q43ivwYinU",revolta
77,"RT @FlaResenhaNews: Zico se revolta com goleada sofrida pelo Flamengo: ""O nosso time (na d√©cada de 80) ganhou tudo e tivemos cinco treinado‚Ä¶",revolta
78,"RT @fj82guimaraes: S√≥ n√£o v√™ quem n√£o quer e quem prefere a critica mais f√°cil e √≥bvia.

Zico: ""O nosso time (na d√©cada de 80) ganhou tudo‚Ä¶",revolta
79,"RT @MCTCOSTA_: Galera esse √© meu irm√£o, amigo, DJ e Mc Neguito. Foi humilhado por ser trabalhador fiquei muito triste com essa situa√ß√£o, el‚Ä¶",revolta
80,Pe√ßo perd√£o e desejo sorte antecipadamente aos ganhadores do sorteio por terem que abrir o exagero de embalagens qu‚Ä¶ https://t.co/4UuXI2xCUt,perd√£o
81,"RT @peachiuy: QUEM √â O T3ddy

para o cego, √© a luz
para o faminto, √© o p√£o
para o enfermo, √© a cura
para o triste, √© alegria
para o pobre,‚Ä¶",perd√£o
82,@Rodrigokkjkk Perd√£o,perd√£o
83,@luixsccp sem perdao,perd√£o
84,@monteser_ @Fortalezidista @MarioPedrosa @VEmmanuell @FortalezaEC Estava brigando no whatsapp. Perd√£o.,perd√£o
85,"RT @JasonDomigues: Mas Deus n√£o √© moderadamente agrad√°vel. Ele √© infinitamente agrad√°vel. Se n√£o estamos intensamente satisfeitos com Deus,‚Ä¶",perd√£o
86,"RT @luanaa_rocha: Uma pessoa que faz isso n√£o tem meu perd√£o nunca, tem que ser preso sim e por muitos anos",perd√£o
87,"RT @Severna20: LEMBRETE AMIG√ÅVEL PARA LEVANTAR ""WATCH GLITCH TECHS""
Perd√£o pelo inc√¥modo, se n√£o quiser levantar tudo bem üíñ
@entediadadms @‚Ä¶",perd√£o
88,"Pe√ßo perd√£o a deus acima de tudo primeiramente 
S√≥ ele sabe o que tem no meu cora√ß√£o so ele sabe o que passa na minha mente",perd√£o
89,"@galaxytaegijoon primeiro, melhoras amg, espero q esteja bem agora sjsk e ontem teve meio q um festival online, ai‚Ä¶ https://t.co/SUbgrd9fvp",perd√£o
